question_id,answer_text
QUES_cyOI2451l1,한국원자력안전기술원
QUES_pz2vbWpWWo,가출청소년
QUES_1g3jI4y7eo,
QUES_qzwOZwaeeY,Prime Air
QUES_hfdtXCtdzf,장애인케어서비스
QUES_siIUPb2zp5,사례 담당자
QUES_07EYJWPEpy,정시도착률
QUES_p3oh1nLWBO,유나이티드익스프레스
QUES_v0ovhioKNq,ADS-B 리베이트 프로그램
QUES_RxTiNRmYLW,
QUES_ORGwBbBMfY,3년
QUES_qZJYPVeZCw,
QUES_cBARRSOM6a,
QUES_2htjkSQMUF,양당사자
QUES_GWXmDTazSN,부당이득반환
QUES_9RItMDlIRa,물리적 세계 및 프로세스
QUES_y5slYEiygs,
QUES_Cn1935C9Tw,국조실
QUES_MVeZZjhkxd,대외적 구속력
QUES_lmbifyHm4z,
QUES_CXNp5MgMX4,스타트업
QUES_eEhwnikZbR,
QUES_vS8siHRqAf,전통지식 발굴조사 사업
QUES_J7w2wuDMzC,선조 1574년
QUES_Q7U4xzXqiH,공공도서관
QUES_EJrgoCBB9H,Smilor
QUES_SB9nq19xze,
QUES_PRVgijiGKT,친 빈곤 성장
QUES_KmqtGfdl3f,다양한 삶의 지표
QUES_560LY8wpBk,유교윤리
QUES_sCdcqtwI8o,위법성조각사유의 법적 한계
QUES_0UpaFSs7ki,
QUES_mQ5U6cCmaS,위-수탁의 관계
QUES_gcCsckrqk7,사회복지서비스 분야
QUES_coKrRTgzBV,문화예술위원회
QUES_8TRvosvur9,상급종합병원
QUES_s8I0uqbE66,근린재생형
QUES_XZVIULFaVB,주요 수종별 및 임령별
QUES_AwqJHtUWz3,은닉된 범죄피해재산
QUES_jEPb41IPjH,
QUES_Y72M5Nossb,
QUES_OCbHam3oKc,
QUES_eZ2AcYKG9X,
QUES_VWVNVP3chh,Stated Preference 분석방법론
QUES_kWeiUkTqZ8,
QUES_aNGaQUfVrL,미국
QUES_qXKjCEi18x,2006년
QUES_e2hN9zbZn0,
QUES_hqYBbXQQqO,
QUES_gNG3kHTNt6,Imbens
QUES_IpHv9TPQa5,
QUES_NcoiO2DzuO,6%
QUES_9vtRkCVG1e,
QUES_GFg34n83G2,
QUES_D2w0JyMlqZ,온라인 광고
QUES_9NbqlaFuJT,
QUES_aOnSLQX83f,19%
QUES_53nGIWDz38,민간 소극장
QUES_A6AjXk9mdN,젠트리피케이션
QUES_qkgiKyeXP2,두 축
QUES_L0lGcEoQhV,리모델링 주택조합 또는 주택건설사업계획
QUES_PsV618g19s,허준
QUES_GLaaO0mASx,장애인세금공제제도
QUES_zPI6hro2dx,접근성
QUES_RDOqLzx44k,
QUES_UpY0iMZIty,"123억 3,300만원"
QUES_LSz8g6PuwE,기업현장교사
QUES_yuaqym1X9I,
QUES_uLkHljvUnT,
QUES_gtaqN5NYI5,
QUES_Lr6DjXj2Rl,성장률 하향조정
QUES_3aHyJDYWes,저량(stock)을 분석하는 것
QUES_JSet7pNbfa,전공-직무 불일치
QUES_tQ4jKUyeHY,5.31 교육개혁
QUES_jOqrinrzPE,
QUES_XBpqZ6ezIj,부산 진로진학지원센터
QUES_st3NyHHc3b,Hall
QUES_d2GKaXGuNG,요구
QUES_sAcdglSNHm,특성화고등학교 관련 정보서비스
QUES_rVmoocU9CI,삼림분야 미래 수요
QUES_ezsYq6wvLn,포커스 그룹 인터뷰 방식
QUES_XBtJg4mQ48,미래예측
QUES_6iiBPz3Oul,다속성 태도 모형
QUES_Y5uA2dSwuO,자문회의
QUES_33IbRYz1N6,패널자료
QUES_fUMflVWfjW,온실가스 감축
QUES_TVpTrDQC4T,2013년 2월
QUES_5y9piKvJBy,
QUES_QiQKWrGced,100%
QUES_wWhcOcvb9V,
QUES_h15zFou8kE,
QUES_GtB9SetoU8,
QUES_unz7c05J5W,정승국
QUES_fveywEnjMb,맥락
QUES_IzydczNOxX,한국보건사회연구원
QUES_HRxNb77NME,착취
QUES_T0AUMtEFqa,삼국시대
QUES_cJXOsDi83k,한반도의 통일
QUES_jjbktpSkBW,5~7년
QUES_5fghWGezDX,남아선호 경향
QUES_WMRh5uwWsJ,사생활침해
QUES_6x5wu2x4uB,공적 관심사
QUES_gJIwfWl7F0,"3조 4,725억원"
QUES_1OkkjUc2My,
QUES_Mb2I4Ka1eu,토지등소유자
QUES_iqwwkposZ0,주거환경개선사업
QUES_2rjMgslTU2,
QUES_TTofu5Pq8R,거더 단부 상단
QUES_InhauQMjpR,한국사
QUES_euLALB0XCV,보험요율 산출
QUES_j9gtw2OaHN,
QUES_Xu5vPaXAgR,전기통신 프라이버시 법
QUES_QL3KQX6TEf,성취평가제
QUES_nrOcnPQ04C,평가의 타당도
QUES_lmD6a7PrI5,5개
QUES_a81fY34u7n,
QUES_dQf2V13NBx,2009년
QUES_qkiLFPcEoo,
QUES_ZXU7Dhy8H0,커넥션
QUES_CAaSVreWrL,
QUES_loRPlU5ijD,전문가 패널
QUES_4EHtZasiuY,EU 이사회
QUES_M7UxBWF1EK,노용환
QUES_CaAUbZV1S4,비즈니스 모델
QUES_Te9i4a7wnr,문화교육
QUES_hqgTdCqhFU,글로벌 시민교육 프로그램
QUES_mHrKbf5GeD,동북아 예술포럼
QUES_mZYxkZsQag,지역협의체
QUES_GTYEs443vw,비용 상승
QUES_2V7NcWpbVn,친환경주택에 대한 초기비용투자
QUES_Z8205lctDS,경제성 분석
QUES_YJBT6sqlZv,국가안전보장회의
QUES_VGP2irnvIV,군사적으로 개입
QUES_pgndQi74tb,자위권
QUES_n8Nlhy5quA,2002년 11월 25일
QUES_AXjdMr9v20,협력체계
QUES_WKdRYXBZ1L,레오 폰 클렌체
QUES_oeu3Q5YDj1,프랑스
QUES_rQ1vyf4xe4,
QUES_yFfR5CSxeN,시설의 냉방수요
QUES_bPhE80IT4R,근권부
QUES_1x3GpL9MzV,지역브랜드
QUES_bBlXlS80I4,지역 브랜드자산
QUES_zeGisCCdOH,사용자의 지위
QUES_m0EJC5HjbR,해고 제한 법리
QUES_7llbgHHQmj,EEC 경제사회위원회
QUES_0SeYeWo60b,일·가정 양립 직장문화
QUES_kl4DMLJ7N6,18조
QUES_n2c9H8wehH,앙코르펠로십
QUES_E402VkTP7U,버블의 붕괴
QUES_jMoCglgmJT,미국
QUES_wEW5shmAPk,제임스 매티스 국방장관
QUES_cBuA3BQG4S,차별
QUES_JLTPlrX3dI,
QUES_Zc3VhFjAQ6,책임을 스스로 인정하는 것
QUES_Q2Rjy1SB6f,Ux Consulting
QUES_HqObcovD6V,ANN
QUES_PIojqJ5M1s,WEO 2015
QUES_JMyOHCFtLI,사과
QUES_uc26nk5Xai,연령 분리적인 사회
QUES_ueZKTKid5Z,분자표지 육종 방법
QUES_HvgBj9PTQj,
QUES_FRD5OrgPmy,농도 모달 차이
QUES_gqqGlUOHDS,범죄 피의자
QUES_wcekgwuXlN,심리생리검사
QUES_gWRwTrH9F8,인도네시아
QUES_Y7G4y09yQc,논문·특허 성과
QUES_z4jCCVxrbC,의약바이오
QUES_3OaClDmDUa,
QUES_b5mIpjbiHK,창조산업
QUES_GgTBN31bv3,
QUES_jdKXYBt5CT,지표
QUES_UNzgO5LjUa,사단 작전참모
QUES_5B902Fxdr1,여성의 경제활동참여율
QUES_hTcGEBkuq5,Kossek & O zeki
QUES_wXRdrg7Lgv,가정생활
QUES_SILfeYjB3k,2013년
QUES_lEZo9bxnng,
QUES_Dz0VpzC84M,재무성과
QUES_6SYPz095Sd,아오모리현
QUES_o94Iy0UqiH,복지정책
QUES_hAOOY5SxlD,인구정책의 설계와 평가
QUES_IVrHlrXbQI,수단
QUES_CIcbCI124O,디지털증거
QUES_kOKiTFSfsH,
QUES_aDNKjF4Nhn,수업
QUES_X9uIWoOSTW,유목민족
QUES_6nkanD32x7,일본
QUES_gs05brhdoU,투표
QUES_9yMkNAd7yr,
QUES_Mt5SAvHZn4,7월
QUES_LhQxrAvhy0,언어 능력
QUES_QRHrvuVKqr,복잡한 설계방식
QUES_M28Lo7MHKL,비선형계획
QUES_BZzW6X57lh,Timothy
QUES_aA82EyGF7Y,왓슨 포 지노믹스
QUES_7WTF7k7UJ9,공동체 의식
QUES_vy3HFmkHHm,마을공동체 만들기
QUES_MZs2OAESvF,사안별 인정
QUES_HDsemaa8KC,유엔경제사회위원회
QUES_8saQvzeYc0,
QUES_E5qXdZMtkr,관련 부처 및 이해당사자
QUES_tBfBTL6PVs,핀란드
QUES_q0MgDdgQ7u,학습에 대한 동기부여
QUES_cVHpFS8DJD,
QUES_lsOVvSYZe8,제조업
QUES_HsrEjlwRp3,대형금융기관
QUES_DJxYRY37RS,위험추구
QUES_V0QKOxtdJh,행정처분
QUES_xvbE7iOZxa,부작용
QUES_KiVxfTA4UY,헬레보러스
QUES_Sseo58fxt6,국제적 조세회피
QUES_agyEHtUrP5,
QUES_APHLZzcLwZ,UNFCCC
QUES_HrMYNyahYH,80%
QUES_iZbywwvmFv,
QUES_FGaHRhZweO,
QUES_iksdGUOMrh,"곤충사육사, 드론조종사"
QUES_gckwl4JqKz,대한민국
QUES_16MVAd7LU9,고용연금부의 웹싸이트
QUES_z7sA7Hplrf,연방법률자문국
QUES_B1NswIf52H,약 35%
QUES_hJmwkzNklV,111위
QUES_3qq4h4mcKx,5.3%
QUES_EMLq86mHY1,성인지적 재정운용계획
QUES_qHAs2fPkxO,절도죄
QUES_09VMBwCJaE,군수품
QUES_4Zcfdnbd4d,싱가포르
QUES_TucGjG5Rw8,인도네시아
QUES_h8ryAEWoKy,수사권과 기소권
QUES_1Kzu1CBmRJ,통근강도
QUES_7HTw8iUadF,남성 육아휴직 보너스제도
QUES_R0Wem6WSxp,가사노동시간
QUES_BJhtPEn8w0,Akgunduz and Plantenga
QUES_GAc6qgUXWB,
QUES_RqXybhF08Q,대통령 또는 기획재정부 장관
QUES_w4fgIHFxRo,엽관제
QUES_39zUiapScI,
QUES_umrBOyQxbi,프랑스
QUES_k6ljT9k2jN,
QUES_eHsHqvM1wT,국어과 교육과정 재구성
QUES_vWl0B5RWdf,협력적 태도
QUES_hK8HXvo05Q,
QUES_x0lkDTAM0x,독과점적이고 성별화된 권력구조
QUES_DSIXY8BT9o,월드 뱅크
QUES_oSsRaXyhXM,자아
QUES_RHGFn7CIUK,영장불요설
QUES_B3WnFkDokF,강제적 신원확인
QUES_fhOiT4UyOO,횡단면데이터
QUES_O1knZo7YBW,독일
QUES_gZ713bzMXV,대남도발
QUES_fe56Ha1gRU,자아존중감
QUES_b55WoYMCYQ,자아존중감
QUES_s2nVxz3m6L,성별
QUES_mMQ9AuYsMJ,클라우드컴퓨팅법
QUES_tTaIyGswcP,형사 소송법
QUES_zusbpeY5zJ,계산서
QUES_rFrqeYsIxp,부당감면의 목적
QUES_Ead9gULblT,노인장기요양보험제도
QUES_xb5337rzOD,
QUES_hV3EDImMUk,과학기술
QUES_iMcqj7aa0p,핀란드
QUES_GXxn7TRJVf,
QUES_ovZf7rCRPQ,
QUES_IV5Cg88WyU,업무상 위력에 의한 간음죄
QUES_CviuLcR5wH,문제해결력 평가
QUES_xCEZGqMhLj,695점
QUES_y6l20XynAK,세 번째
QUES_ut6Q4e9sYS,양화소록
QUES_m69pP1SCET,
QUES_4ogMGjshe2,농촌 아버지
QUES_dE9HKdcLmL,2015년 3월
QUES_4JOnsR1J8b,기재부
QUES_q5yjANrIVi,조서
QUES_Vm16EDOioG,
QUES_6y8QrkuJLV,
QUES_2tcz5VZrR3,지역사회조직화
QUES_FYnqiaJgXM,
QUES_T8ruAQfAgJ,13.5%
QUES_lhuTkueEI0,박근혜 정부
QUES_8CQABZ4bc2,3아 이상 다자녀 출생건수
QUES_cVFKOo6nvu,유연근무제
QUES_BIizWX8cMS,배우자
QUES_ioFLBYUo9z,정례적인 이벤트
QUES_Z1siuHpCUa,현문수
QUES_Fc6sOcIwZ3,
QUES_f35LkewlMk,"1,799원"
QUES_g7thiLXpWo,
QUES_douCsoZNh9,국적
QUES_wuGkRQI2m3,비상사태특조령
QUES_S5vNZW0Gpm,
QUES_tDGsvZ83TB,
QUES_UHPzTnySKw,경제성 우위 확보 전략
QUES_XZK2booKMX,간호사
QUES_F8wKjI6y5R,스페인
QUES_qDhxiyDAyh,꼬막
QUES_dHIqS5DecH,갯벌 양식 신호등 시스템
QUES_2iImXkpYwh,전력거래소
QUES_fgo2hs7z6s,기하평균
QUES_4DsmRepPVs,
QUES_l1BA0rDF6s,
QUES_dwSUyMQlS4,학부모회
QUES_qmFmX163YJ,1960년대
QUES_AvKU0gqpmq,고교학점제
QUES_90ZaBLvd4P,사립학교교직원연금공단 이사장
QUES_aIYJXnLGZJ,1995. 12. 29
QUES_gcpYWjOt05,
QUES_n7RU1jBlic,각 학교
QUES_OWGdYNel5n,
QUES_YumfqEZae5,
QUES_szLf9tca85,
QUES_6SS21tSQUH,재해대책기본법
QUES_71Yx1MRbDa,
QUES_cQyHuOZZ7Z,de Beer와 Schils
QUES_wGQJCDddn8,활성화 정책
QUES_iGzMk47uGp,일본
QUES_UOaZnYBxRL,파스칼 라미
QUES_4bSmi4kgAt,화이트칼라
QUES_QGMHiH3tUQ,83명
QUES_JyzBpnOVRz,웬즈
QUES_PULc3pvioz,미국
QUES_xGBmDlQg3D,참여민주주의
QUES_uDoXW33nBT,
QUES_YqtOR8mT9I,
QUES_4XT5cSHkyc,키르기스스탄 정부
QUES_DJUpQ73izg,0개월
QUES_YBJrUJquVU,
QUES_M8dETjw117,
QUES_6CKbFPHEcz,배수로
QUES_Vl9VMI836n,한-터키 성실무역업체 상호인정약정
QUES_CIulkaz9fz,관련성
QUES_sVcHtSujpg,장전된 총기를 은폐하여 소지한 혐의
QUES_IUAoPv6P7Y,해군사령부
QUES_DrJho7msZd,취업제한
QUES_p92yKsSrWB,1984년
QUES_gNU5lMJVSf,연방경찰 외국인담당 부서
QUES_LfHig14lez,
QUES_XLO4f8p6xi,사회적경제
QUES_4XaA94NBLd,배출권거래제
QUES_v7dTOAVSMp,2015년
QUES_90fNWlj3hi,2013년
QUES_KPII1HcQ3e,노동시장의 구조개선
QUES_PI2AuMzdWB,고용노동
QUES_xxVcyVv5l2,실주행 데이터
QUES_MwkqK19w7m,Schwab
QUES_2Tq0ZbMAgZ,고등 교육 시스템
QUES_NcbKnMzvMq,사이버 보안
QUES_eSSjmfA9Wg,연산력 증대
QUES_x7bnTm5Jas,암호화폐 가치
QUES_KxnILjxiyH,각국 법원
QUES_KDpmmlENvi,중재판정부
QUES_0TPkiiMboe,투자중재
QUES_XrP3LiQu7d,남북정상회담과 북미정상회담
QUES_w96Qxve3Kf,
QUES_FUs55pkmzu,탄금대
QUES_yP8Xg06S2j,보스턴컨설팅그룹
QUES_VL9ZMWC0Yp,2015년과 2016년
QUES_14o1iyD405,자율주행자동차
QUES_rpURl3Izq8,조세
QUES_HnYd8E0ToU,아동청소년
QUES_Xe4P4GUQ0E,광복70년기념사업추진위원회
QUES_Pnb2Ti9Axw,독립기념관
QUES_6eMhNQKbeL,베를린
QUES_nq8aOCUMMP,국·공립 유치원
QUES_l5NETz96aT,0∼2세
QUES_Idrm5IXaO6,사고와 활동의 레퍼토리
QUES_2UYHOSokq0,
QUES_pCFOQm9Dr1,불필요한 의료비용
QUES_6aW7meNDUI,3939’ 단일번호
QUES_KEcRRiVcrM,
QUES_yW9vDnJe8Y,과실
QUES_s9m35lWxV0,
QUES_1fybnjao9s,독일
QUES_rtOkeuo8kF,정부 및 운항현장
QUES_ASmoSDWJ4E,변리사
QUES_3zHw2xgE4I,대한변호사협회
QUES_KzdddMDty0,주택 구입 동기 증가
QUES_qGS00JppkX,학업성취도
QUES_aS2H3XL3S0,COI 보고서
QUES_QsGZvwPUYQ,중증외상환자
QUES_uYXyecndSI,도심 역사문화콘텐츠
QUES_SZK9n04K8p,2015년
QUES_PCZBiENJgX,
QUES_sqMzD5Gy5v,국가자격의 통합관리
QUES_l7nO4XGqnn,
QUES_ZnUFPx05Ot,영국
QUES_LK3HpqZk4q,
QUES_Ue7y4tq4wu,유동성 위기
QUES_r0pb46LFJa,공적가치
QUES_7aljb020hD,서면
QUES_IAAwKxjmtO,수사학의 전통
QUES_UdHFiemfKJ,우울과 자아존중감
QUES_vtxLm304Ht,낮은 생산성과 효율성
QUES_0ShNNb6puO,휴대전화의존
QUES_VpkbAE8dzH,
QUES_jusgVcMJq1,텔레매틱스
QUES_eLhYSWiohs,
QUES_8vKz0sWUTG,상하이
QUES_x1EXGdIMrG,장쑤성
QUES_oZoeqM0pVA,국무원 판공청
QUES_vZR02NQH79,
QUES_tfqKaGU6rJ,2012년 12월 28일
QUES_byEnaD7Ogq,환경적 요소
QUES_nYdzRUvnfM,회사의 수익성
QUES_wZOTy9gTuy,안정적 심리적 계약
QUES_3OJLUTvTiK,6개
QUES_ch8jlvmdE4,미래창조과학부
QUES_BaQGkIVWxa,키르기스스탄
QUES_q4QatpdubB,제품 기기 분야
QUES_bLwBkMm4fd,수평적 분업적 의료관계
QUES_KwzFIDu2FB,외국인 학생과 교수진의 비율
QUES_aXDguNJIb9,산업
QUES_hmDih1282Q,
QUES_x3JfrDXadC,
QUES_xPawmnca8q,미국
QUES_DxLrjw96WD,"2,200만 명"
QUES_SjnNgfCIi5,콘텐츠 중심 기업
QUES_mAQM0uGXW3,유럽 인구이동
QUES_Rxzh3W6TV8,경제정책 리더십
QUES_01L5cJ3T0c,혁신
QUES_PgkwFcayls,혁신
QUES_bapD2EOSLZ,중재자
QUES_SmZawj9GCm,공동의 역사 교과서
QUES_uPD2hQW2W2,갈등
QUES_f9DPmHGEPo,NDVI
QUES_P6XJ3HxYIt,중국 레저어업
QUES_tLnth2WmU1,피고인
QUES_Mp20QV2wB8,
QUES_POGkv3kkjP,오클라호마주와 사우스캐롤라이나주
QUES_vEBYJ9HQuN,2013년
QUES_BG7zv0El1K,
QUES_7aWJDG6Zth,온라인
QUES_PmN1YWxjbg,
QUES_jWBhgTVK3y,진흥센터
QUES_g5KbEpscol,도서
QUES_Hf4EJOteGB,종합물류 비용
QUES_ljUh4TG94t,SERV*OR
QUES_dDD55LTtRG,국가 및 지역의 경제성장
QUES_K1j23aL8as,문화교육과 언어교육
QUES_aR9ea5bncg,
QUES_TNAXHgzjeH,에너지관리서비스 산업
QUES_XHTKhKMCuU,글로벌 LNG 거래
QUES_33w8Kh6FJg,Family 500+
QUES_pvTwZld7oZ,
QUES_bfBqlPGQm7,이스라엘
QUES_x5SCYq5C2m,지속가능발전위원회
QUES_bf1I58Xwda,
QUES_7UeK1Pk3mL,보호처분의 변경･취소
QUES_y2k7KkD330,Capital Gains
QUES_gGxuJu5X4r,납세의무자
QUES_nRaiwEPVNH,아이돌보미
QUES_QtqLqdHYQr,농어촌 부모
QUES_ldolLYC9sT,기초재정수지
QUES_nSu5izyVUj,
QUES_12WN3TO0HC,
QUES_j7HlY8oh92,2012년
QUES_azek7yLskD,탄화수소
QUES_af1s5mfZmY,비전 2030
QUES_1QmAz5iwSB,지역 농산물 브랜드 이미지
QUES_VJqkoYNcCL,80세
QUES_FPTvhksC2z,고령전기·중기
QUES_mqHcixgXHu,노인장기요양보험
QUES_23iYK9TrFT,
QUES_SLDOSJC2K7,
QUES_nyrlfzp7ZU,세종실록
QUES_SGCCLIhKVO,2003년
QUES_rKKmetpqaH,Billett
QUES_RGS4s4rSLE,2016년 2월 4일
QUES_cjI0msm7R4,RAM 값
QUES_yqn5M8yYyT,2017년 6월 29일
QUES_F1yH7GS2eA,이벤트산업
QUES_cHlWPXpVtH,유전자 마커
QUES_MIaSwwrKHL,폐경기 혈관운동증상
QUES_w9vt14jQN2,김병천 교장
QUES_USdZt4nPhl,승˙하차 이용자 수
QUES_QMeha6FOX1,압구정역
QUES_h0g8ZQkFcH,국산화
QUES_mDISN4jNgV,전략수립
QUES_awwSRNJgys,텐진항
QUES_N2n6Wc3gsM,2013년
QUES_nOVVJiGs1k,2016년 4월 28일
QUES_xBGOZ3Wx0Y,업무
QUES_oqA3lhsCiM,300만원
QUES_Zg4wq5wYtS,항공법
QUES_wlPLOAnLHt,층간소음 이웃사이서비스
QUES_qB55rJH98H,2019년 1월 11일
QUES_ugoN7MuiTn,
QUES_gIpMMbh3DN,경영조직
QUES_1BCzM03ULk,상대평가방식
QUES_tahdnHzZso,
QUES_z6K49R5r8f,평가소원제도
QUES_jFhCFL3sJS,편제정원
QUES_sXOwT4xgzX,
QUES_TeNR2sM2Yt,역할 증대 관점
QUES_W2o11vsQ2P,자녀
QUES_8h8NLNbkcO,1990년대 중반 이후
QUES_JOV1s8f5X0,대북심리전 재개
QUES_GAoVGjlg2Y,UNESCO
QUES_zECj6qRuyB,
QUES_Fb4z0BRqui,상담서비스
QUES_4wHD74UQOJ,커버드본드
QUES_htWVJgTv3L,독일의 연방통계청
QUES_QmV0EYZieK,환경
QUES_0KsJX1XDUN,자율권
QUES_oNJnkI9n2N,유아 교사
QUES_UzyIKDpqN8,
QUES_oiDluCdhcH,2014년
QUES_opBXf6zIRN,예산
QUES_CHJK0AoBpf,광주광역시
QUES_RWFnb7jxuW,여성 단체
QUES_6DPwvwiler,성별영향분석평가 제도
QUES_LIYgaZJ94S,에코부머
QUES_G1zHwZso99,중소기업청
QUES_LSJ9Fhfdu2,패스스루 MBS의 시장성
QUES_y3v5WFtyF3,옥시토신
QUES_gp53VvUcF9,
QUES_neh4dkFFje,기장급 부족
QUES_0qE2i1FFXd,
QUES_l3ZaIdC0Lg,문벌 귀족
QUES_xECuijBy7k,보충설명
QUES_trNeDZhr8M,2004년
QUES_m8rm3yi6pb,고용률
QUES_lDzK60JZT6,김종서
QUES_St7YaWGeXV,미륵불
QUES_VWaLz4F9aC,중앙녹지공간
QUES_RDurTe9Lgo,국립노화연구소
QUES_EpFmWIJkmH,국가 학교청
QUES_9vneZXRXVV,발달 수준
QUES_Rjei9K7P4i,OECD 국가
QUES_5LTw7iZaVa,세종시
QUES_ZivMwnhWvV,직업공무원제
QUES_d6Btl74D36,80%
QUES_qPosTQcU3P,필수성능
QUES_c3aPzoo3w6,EMC 내성시험
QUES_FtMx16Av1r,
QUES_lZD8csYQ3c,역할행위
QUES_YH5nSSjoPc,감천문화마을
QUES_Mpxd6fsUHx,공정관광
QUES_NyGpbxzH5C,공정관광
QUES_fU7EeXehBG,2003년
QUES_MhByOObpTh,1997년
QUES_eAHoyVWrFe,거시경제 변수
QUES_YbRfCadJIj,
QUES_Vj0zhwDYoI,1989년
QUES_aSW5VdQr77,학교 내 대안교실 사업
QUES_aosXHRXfyM,42개
QUES_Pq2nZPuMuo,대안교육
QUES_3j86a2fRNE,2019년 다문화교육지원계획
QUES_1t0OFa0hO4,여성가족부
QUES_wrHfYclk5M,미국
QUES_72I5kSELUB,여왕벌 신드롬
QUES_jPqxKik9AU,다양한 인적특성
QUES_CgNwySzSsC,
QUES_bFU8Iin9cw,
QUES_wX3dDbsdEs,"1,310만원"
QUES_UNpvdY3ZfL,
QUES_FEKR0Dk92A,
QUES_gKfllQ62cC,취업경력단절
QUES_2Eg2dcS8ek,외교통일위원회
QUES_wLfO5ptQmp,근로자
QUES_IES7MUgALe,공익위원안
QUES_APhz4sVTaF,
QUES_rpoaTuO79Y,클라우제비츠
QUES_8hGiUEGCF4,과학기술부
QUES_mF67shFvDX,심사전치제도
QUES_GxANCIyQc0,발생량
QUES_EwY6z8AAAh,중년기
QUES_P7c1KGqV3Y,독일연방 교육연구부
QUES_pe60sjfC8U,창의적 체험활동
QUES_2ulxcIJ8UO,통신판매중개업자
QUES_Yme4b0H0zr,민간
QUES_cLxgDzJ6IH,1983년
QUES_ermhzECMj8,지급 청구일
QUES_nJr82vspJP,1980년
QUES_SyI5Lje8wn,중국
QUES_DiiKk05H5r,유류오염비용
QUES_FCEszjmBoG,사망사고
QUES_dcz9onpsgy,교통안전 부문
QUES_mK5Oz6gMoc,주민 참여의 증대
QUES_39jinrsaAH,독립출판서점
QUES_iSlZVC5LkJ,저어새나 두루미
QUES_33i3wfT2LD,400년
QUES_2Zkz7oUGCR,
QUES_mXCSEw38QF,사우디 아라비아
QUES_3cORrP89kT,근본적인 기본권 침해
QUES_IUwNSeve8G,제27조 제1항
QUES_KC1zvWsU5p,HRD-Index
QUES_uKzrAScXO7,KIPnet 컨퍼런스
QUES_fuhgfSi9jR,중국
QUES_5fNOr3S8d5,중국
QUES_8f6vOnZyye,텃제는 개기제
QUES_VmsLkV0WbE,
QUES_cl23KIf7VT,프랭크 미너스
QUES_mga17JSsCU,
QUES_rclg5njswM,정보기관과 수사기관
QUES_zzOlsboOj8,학생
QUES_J8csW2yUNr,1999년
QUES_enijnvdAtg,공적영역
QUES_k2NbzXxXsf,고등학교 교사
QUES_TStoapVMx4,스타트업 뉴욕
QUES_ACpRKetl9w,1 ~ 2개월
QUES_R8xCw1t5Py,증권형
QUES_uiAzfXsdBc,
QUES_YGuJ9p7O61,"48억 7,000만 통"
QUES_U9L99J3Kqw,의약분야
QUES_zQ01pCZC5M,법익
QUES_fR5zkhSGFX,탐구영역
QUES_ha4eTwxAIr,뉴질랜드
QUES_EnGD6phu2x,SDA 모형
QUES_4mf6XloBkj,양식산업
QUES_2Ojvh6s52c,국립수산과학원
QUES_wmy9t9CWTx,해양수산부
QUES_lAHCl1oXcy,오픈데이터
QUES_QiAKd0ZjmP,사회통합과 공정성
QUES_c9AHGGKzhQ,
QUES_8K43Dn9HCr,청중들
QUES_fqFr4oqtWz,규격화된 커리큘럼
QUES_mW8hu77yyX,학습 분포도
QUES_75FxmFsdCj,학습 영역별 분포도
QUES_IKdQQwtOF3,
QUES_IVytYDyGAg,
QUES_tUXl4AXeuZ,복합운송방식
QUES_jIC543DpqJ,새로운 경제발전 시스템
QUES_lxxD3hGnQc,상하이 자무구
QUES_dwgT2Wx0Mj,가정복귀
QUES_wbFor0huew,노스캐롤라이나주 교통연구센터
QUES_y4DEfD8Xzg,정당 지배적 대의 민주주의
QUES_0dlhFyHZKy,표류부이
QUES_5LxFZvKZ2D,수행평가
QUES_D4sx5hSgh9,낙인 효과
QUES_4BVGOMyiNb,중앙정부
QUES_kumOFry62K,2014년
QUES_etjKDD97BE,유럽
QUES_hh0SHgdKuw,쇼루밍(showrooming)족
QUES_umK9LHDRdt,휴대폰 사용요금의 현실화
QUES_32pJBvPHxh,2차 피해
QUES_5jB55ODGkp,2001년 7월
QUES_AgkvRdHYjh,2008년 8월
QUES_9M2azj3NFl,2000년대
QUES_Lz5s469qZ1,제과점 아르바이트 일자리
QUES_MfBGedyPy3,
QUES_iWYgCEIY9V,정규직원
QUES_GO0Xvg5iqq,가격구조
QUES_38DiTqFkgP,
QUES_cO9hfAZt6T,
QUES_LaxFMZtFKj,고용보험 데이터
QUES_aot7inagbX,선호-비선호시설 유치
QUES_vppXb3Cq1c,갈등예방지표
QUES_XP7UjYExvU,약 7억 유로
QUES_JyqkIrppM5,한국 가스공사
QUES_LpFV0T6Dml,KEEP 조사
QUES_fsXayEqzgV,대학생 시기
QUES_s6eAD8nIHO,1982년
QUES_z02jL9VXAT,출산
QUES_SqO7rhIOMB,생마클루 납골당
QUES_DBdVDuXqrD,
QUES_mtxjCMwsk4,여성
QUES_Q0BAQDjQtk,순자산분위
QUES_LnMxDgHscr,인구주택총조사
QUES_o2skNrIkJK,
QUES_Cvcz1tSHCo,최하위권
QUES_dgUxKXQSXn,
QUES_K9rZPUolVS,R&D사업
QUES_Wd4eRuVFwt,특허청
QUES_ZkJR4oFftT,상표
QUES_QzQJ43dteY,중재절차
QUES_5ELqDmx57r,IT 기술
QUES_2iCB6tjjjq,대상지역 주민
QUES_Tyz3SqVFkN,사고취약지점
QUES_TJ4m7yKVFj,차량전기기술
QUES_7YzmMHZ16Z,의무지정 대상지
QUES_V0PbGAPO2p,
QUES_5JZtaSPrgJ,
QUES_N0ZMySKeQW,거래비용
QUES_2FSF7iEySW,외부 연구개발 목표와 요구사항
QUES_1postNn6sF,일본
QUES_zYoTOQylOA,20만원
QUES_a58oNB2lzn,잠재적 심판 당사자
QUES_XDZ5av2nRP,
QUES_NFilKucixX,특허법
QUES_te2EuShgWx,국도1호선 기점
QUES_yvBb11M153,프로파일링 기법
QUES_jIV8lyCtLS,
QUES_iy49cHvLfQ,
QUES_8SlVjmTCAm,JTIs 설립
QUES_s2zP0a8yQe,공동기술 이니셔티브
QUES_icI7n8q1qm,7천억 원
QUES_xSVoS9RsII,2017년 2월
QUES_6QNDgWPmy6,만 24개월이상
QUES_mTjXM8AmAL,미국
QUES_jOwGRraDVT,신윤정·김지연
QUES_00ifxqg8lk,가구주
QUES_Z6Yr86mFPs,칼 만하임
QUES_cwt7xlu70b,
QUES_QuO1l3Wvks,지역사회 일차의료시범사업
QUES_BOZgNwLzQI,국민건강생활실천사업
QUES_u7PeoQtxfm,고철질 규산염 암석 덩어리
QUES_iczkf3FoYg,형사소송법
QUES_Da2RQy5rST,합리적인 정책성
QUES_1RuymDK1qR,동태적 확인
QUES_hrlBaE76HC,치료 의지
QUES_9KqqpGWV6d,
QUES_Qb1Umr8HBv,해양수산부
QUES_NKTUxfqaUV,스웨덴
QUES_87crgsVjXo,대선 결과
QUES_9SiTZI32RI,이스라엘과 사우디아라비아
QUES_rq5caaLi5b,성과모니터링
QUES_ZanWGoQPS8,15개
QUES_9j8WQcnHd0,
QUES_19FYjSLPke,국가도로망의 종합정보
QUES_eeHpX3bLw7,1970년
QUES_NtASilp3yn,정책 목표별 효율성 지표
QUES_sm8daMKBl9,일본
QUES_0oFXeGeKVF,rossiiane
QUES_92H8pfIjqW,우리 민법
QUES_WZiglhssJE,유해한 난방연료
QUES_32bcWkoINe,고등학교 제2외국어 교육 경비
QUES_7zEhAIyi0v,단양
QUES_a6CIc04912,마이크로데이터
QUES_JfM9utvX2Y,
QUES_q9X3rxDiYE,독일
QUES_2ogKs6RUJW,
QUES_H3XmXZp7sf,신임장
QUES_TIln1LWg0L,
QUES_hUQgtz4jaL,
QUES_oasCukD84M,디지털 기술혁신
QUES_3PPKSs2Aod,산업재산권
QUES_De1qYpE8uI,
QUES_goNXuvn6P1,
QUES_mg71F4TN8A,여성연맹
QUES_LwA6Jj5hLQ,2010년 12월
QUES_fVOBGlmeqx,
QUES_62YjKzL6KJ,양극화
QUES_TAsHZPXoKV,
QUES_EOZtbdR1v8,52.3%
QUES_1vWNHdDQee,성과
QUES_iTqMZO2asY,10%
QUES_4ubDHqC6lz,한국
QUES_YDoa9djVjX,
QUES_JwD0d5iulC,교과서
QUES_qPZBS4n5k3,KOICA
QUES_NXarTB6Cpq,SDGs
QUES_wlxHIDm9hJ,지속가능한 개발목표
QUES_scD8WpW0ht,탄소국경세조정
QUES_c3Ywa63MyG,유전자검사
QUES_P4pR4kL4vI,"41,174ha"
QUES_B3EP58sAOq,"7, 8, 9월"
QUES_imyHHw8kGA,수서곤충류
QUES_tdnEzZEDFV,
QUES_YMcuyrKtQg,
QUES_i4ldzh4rLM,자립지원관
QUES_cWItr5NN4N,전문가 및 숙련자
QUES_Gt2kru14J8,의약품 제조 및 품질관리기준
QUES_IgouAjMsvu,교차오염
QUES_kgTzfqS0sO,비상시나리오
QUES_vS5vEv9rLW,
QUES_G1IQQqQ8nN,독일
QUES_soLznsfrOm,안구건조증
QUES_07ZLpRymCD,2월 21일
QUES_cAzbDmSYqH,한계자본산출비율
QUES_GsTanUmKm8,
QUES_lDrsADAuLp,65.9%
QUES_QIUMVcIq8J,36.8%
QUES_jNgaW65WHl,친분 이용
QUES_pchs0WQ7p0,시설보호 아동․청소년
QUES_5nCBQ92Wto,매개효과
QUES_RRHXWyMQCZ,학교장
QUES_hgLez3GNOj,항공권
QUES_wZmlLOVy13,
QUES_AfbfblhwGt,여성가족부장관
QUES_JFHFKoZ3b2,증량
QUES_PLr9uHo4bH,2015년
QUES_c2Qfv0Z8hy,모노메틸히드라진
QUES_LjACtFcErx,
QUES_cEjZnSbSck,통일부
QUES_r3XcjUVkLY,2013년
QUES_fLNCr45Udl,이인제
QUES_55FzBnhWWa,외교부
QUES_BgsXhNSRgn,VORTEX
QUES_8Sy7xxJ2Fj,120cm 이상
QUES_bIWBmrrDHl,거실 베란다 창문
QUES_oaXsdTUeD2,저작권
QUES_7AbQsyaXy5,메스암페타민
QUES_sI3luyrDDR,
QUES_ZIqpBC93aR,내과의사
QUES_c55IH9PEdZ,미군철수/국가보안법 폐지
QUES_AylB4Xr2Xc,통일편익
QUES_Oljhh9Mlk8,출산장려금 정책
QUES_IbvCZ2pohb,
QUES_20WfwyXG13,영업비밀
QUES_lSnsD4y7nE,국가R&D사업 표준성과지표
QUES_sY0r4lBztg,R&D정액기술료
QUES_zjySJo9V15,한국교육개발원 소속 연구자
QUES_AFlF4bP0YF,72%
QUES_xnIQVIObuv,10개교
QUES_BPz6SERi3e,3개소
QUES_crPyHt7suW,63.1%
QUES_kElrFvsOic,
QUES_YP5PZUr74y,
QUES_zxeptEFHq8,
QUES_b95da4UFaL,에너지복지
QUES_tvENG5Tw8O,전영숙과 김창엽
QUES_6A6GJzjQUU,1991년 9월 17일
QUES_m6BvMABrsK,
QUES_ZY5v2Z3ESc,
QUES_NtmFzxjb69,
QUES_NivBfu4n5X,한국과학기술정보연구원
QUES_sk8cI94kQk,직무 단위
QUES_3wNj2EdOLO,특허정보원의 특허정보
QUES_ZwRAqK2qEI,중소기업 연구소
QUES_DsO0VATuMR,1997년
QUES_UeqpH5ROJH,44%
QUES_UhEeaxkuNG,교통부
QUES_naIiwTCr2S,2010년
QUES_1aZkELKgPD,1.1%
QUES_RwOXt4rcra,해외자원봉사 활동
QUES_zDsQKBwFws,청소년 나눔활동
QUES_ANKliDXWnG,일본
QUES_mNZPQOWRHH,영국
QUES_xdQekn8bpq,국가교통DB
QUES_8fi6kcMq4C,마력
QUES_GLeyWoeTTd,Pacific Power
QUES_kVSNX9VGs9,캘리포니아 주
QUES_9nmz8o0LaA,검사
QUES_jXmuD4BN9y,제81조
QUES_4BeU1duBgf,
QUES_lgWLfdwggV,14.2%
QUES_NB5mRHyndC,1989년
QUES_cdXMu5VOjQ,
QUES_LNBR7eekgv,3개
QUES_k0NWEnhlpt,NCS
QUES_Dk3Z2A9R0i,통상·산업정책
QUES_Tmwerc5NAZ,
QUES_111sqCQCTG,지자체
QUES_52rEBmogX0,후회 최소화
QUES_Twkyeu8PSI,자녀
QUES_mvLD2633la,금융정책상의 보완
QUES_vNwXdTU3WK,문화매개자
QUES_lxEc2tmhUp,프랑스
QUES_fkMCPN7syT,문화매개
QUES_vo6Ws8IuO7,
QUES_YejGyBPwc6,생산직
QUES_1LmdgjFx0S,딥러닝
QUES_EhmQ3wQCqP,삼차예방
QUES_PigIrSVdgA,로봇
QUES_9dvnBpsI25,53세
QUES_TSMf9yC1oc,베를린
QUES_vJRcnQ152r,2008년 12월 18일
QUES_UaQsAqHZue,
QUES_NppUezMBSN,과제 집착력
QUES_I7mVjUO3yN,탈러와 선스테인
QUES_C89KPoHC5A,자기결정성이론
QUES_Wd3bXa8b4b,발진과 수포
QUES_0zLbs4Z86f,4학년
QUES_PjpfiGfLa5,
QUES_awLlYnpOME,18점
QUES_fl5k6hDE7X,화천군
QUES_lPhs3xiF5B,스티글리치 보고서
QUES_VyT1ixknnD,마드리드 의정서
QUES_dzxOOR2FRn,검찰청
QUES_W7DHfjD67C,수용자
QUES_wZb0HXpueV,
QUES_5uEyJtwsW4,Flower & Hayes
QUES_YpTmHjeHHv,43개
QUES_u3ZJMf2CDR,Cowen
QUES_GI3kcSsceJ,보수적 성향
QUES_qlveyQIV90,이스라엘
QUES_FHWOSJr85n,3개월
QUES_QNeglx1672,국토교통부
QUES_L7WYUO0EtQ,
QUES_WtmPEIHnW0,
QUES_yhLUm2RAn8,건보공단
QUES_GjpgIMHDnB,제16조
QUES_PZL9Tp5nSW,21명
QUES_cZRl1RM5pK,미국 RAND연구소
QUES_0F2QBOrc0S,경제적인 측면
QUES_XJfpIBM5Z2,현재부터 통일이 가시화되는 시점
QUES_tSJM9XmjnM,10데니어
QUES_Rn0Nb4N5P9,명세서
QUES_3mwSyRPi7M,일면
QUES_4UDZ0l7v1X,
QUES_RwuamLPXxF,
QUES_8YAouXu0D8,북부 산간내륙지방
QUES_DOcJHyZB90,
QUES_Mw7wazBHtw,조세조약
QUES_knENG7KRdN,법인세 및 지방소득세
QUES_ciNEb62pyU,39개
QUES_1RWelnKiur,
QUES_KaxSVGwvQp,51.2%
QUES_rQDETaidoA,9개
QUES_qbKNOtj5gB,김정은
QUES_R5j8j0fq3s,2014년 7월
QUES_9kBPJZ36sA,4억 원
QUES_w00DYduMhE,2003년
QUES_xI2bkFlfQR,노무현 정부
QUES_B9Lga7V1tP,무관용 원칙
QUES_TjoJ6Q7Uxe,90만 명
QUES_XIrGT6PA60,Laidra와 Pullmann 그리고 Allik
QUES_11RKnuMbxf,15일
QUES_9k2MjFBiUM,발고 시기
QUES_MQtBgva8XG,2000년
QUES_AZe3S0wpCK,네트워크
QUES_Oirs9MVmpB,개인 콘텐츠
QUES_ps1fAER2VX,전력
QUES_MF8qlYZg1T,등가교환 방식의 합의
QUES_Nsl7B3lJVO,프랑스
QUES_jqhSmKRD1f,문체부
QUES_NhCEh72bC8,아동청소년기
QUES_3wPjsoIMVJ,1872년
QUES_vDlqxEJ42h,경영조직법 제99조
QUES_66I83CRUXd,
QUES_AvnHHdPTwD,강은나
QUES_yxi6HsBIlz,센서스
QUES_MG1LZ3pl1i,인구센서스
QUES_5bl4pM5bDj,
QUES_zBUbsKuJSm,3학년 2학기
QUES_uso2Z97ifj,
QUES_n6R9Q9dkK1,"읽기, 쓰기, 말하기 능력"
QUES_0D278UQ2B6,
QUES_KPev2eBaCx,과학적 대학
QUES_YNCQNj738z,일반교양교육
QUES_U6rzWHL9ot,메디케어 급여 서비스
QUES_3VLwwOa6Ep,
QUES_S7DbKYXyj7,뇌
QUES_y7q1iAwySZ,기술변화
QUES_FRq1Ckt3AC,두 가지
QUES_wJrEkcmsX4,맘퀴스트
QUES_nPDD7Np2zz,2013년 12월 30일
QUES_OU0AIrVMAA,
QUES_4cmqQOJBiU,일본기업
QUES_76DDt5upNG,남북 교통로 연계망 구축사업
QUES_vljBjpb9DU,IOC
QUES_XyyRc20YY6,여행
QUES_tWgynAKCFJ,위법수집 증거
QUES_95NAifs40H,지방자치단체
QUES_uKHwgKnL4k,
QUES_vaLz4LOqle,법무부
QUES_EyDrZKNOrZ,24개
QUES_35fNwmLyGy,
QUES_p1nRqiYwH4,
QUES_DPluVSYLXl,4인
QUES_4wdn7EDbPx,남한가요
QUES_3zHUxDZj8p,일본
QUES_Kc4AviVkB5,중국
QUES_JEcsM5R9K8,
QUES_NkOveUupSc,
QUES_iwQPkfJH04,
QUES_LhxdQbLCVW,60만원
QUES_42P3hk5puG,놀이터를 지켜라
QUES_TfkPlSVzeb,또래들
QUES_Vq6t5rHOuM,호주
QUES_EKAnIA9MRk,중간생략등기형 명의신탁
QUES_iQEyCzcxQW,
QUES_HVBiL5J0Ps,100%
QUES_oArKrVTXVr,
QUES_t7IGS1TRAl,2010년
QUES_tfX8Tidk6r,
QUES_l5hHjyZATt,
QUES_hI0LvnEsr1,산업경제 여건
QUES_WFBu2TsxSm,"울산, 거제"
QUES_dEgcb6Mgeh,정보 손실
QUES_fre11tEbOI,통계기관
QUES_w8BPUELQMK,고탄소형
QUES_44Rv7skLDW,노인 학대
QUES_xG122lVQgk,학대
QUES_GgWtEZHrks,스마트그리드
QUES_yA5zSLy4dc,청소년기
QUES_Z8GVaSo8eC,가족경계
QUES_kHgRI4TMqS,재혼가족 관계향상 프로그램
QUES_hDYBfLSRK0,
QUES_ywwzaPwGBy,항저우
QUES_t1Tltmt9Gt,
QUES_XxbcGQ8t2J,항저우 정상회의 프로세스
QUES_ZYGCCIweBv,부속서1
QUES_jbpwKzAtb1,사전소득은닉행위
QUES_blLPCAep6G,부과권
QUES_I6P2VPMas9,
QUES_XJzL5ZAnuI,시·도 지방자방자치단체
QUES_GUMlwZ5PwJ,자유학기제
QUES_v6GpBaxRc2,문명의 기기
QUES_J1apzUVS0F,1945년부터 1975년
QUES_Hzh2hPtoSl,수출기업
QUES_pSpGioSswn,임금체계
QUES_447QXw4hhE,2012 DSG
QUES_29zTstEkbV,
QUES_seCaPIaqcc,항공 교통수단
QUES_8R7Nlzqwhq,외래관광객 실태조사 보고서
QUES_Fp7GMbcfWo,4.1부동산대책
QUES_79Mlz7KMAI,1990년
QUES_DOIzc7vFId,패킷감청
QUES_d0QBjaZEiG,
QUES_K3Dk6UBIFz,패킷의 헤더
QUES_BF1TYCkvb6,형사소추와 형사재판의 영역
QUES_UwW9OhmKse,
QUES_ayuoqhVlPY,영아기
QUES_6Ojb0Ng03i,
QUES_h4sl0ZBy4a,외부 교사
QUES_Xd40KCxkn9,도시 물류 공동플랫폼
QUES_H1qVcUcgXL,문예회관
QUES_FNPXXz6M3c,
QUES_KkI6FjJ4EJ,공사의 도급계약
QUES_k3yz6p6s3l,공천
QUES_7gU6tAkrRm,30일
QUES_ecwcjofOyC,8년
QUES_oriMBCiGAK,500만원
QUES_9WI5wHBNk7,중학교육과정
QUES_RA0XaDdk1a,
QUES_rO5KgK8Cpr,사회 연결망 분석
QUES_miYjOJ1cTO,유로-6
QUES_pkT8JjvKNn,범죄피해
QUES_u2i0Llj1ax,24개
QUES_OcdWnbpqcI,개인
QUES_Kgozjc4pEL,대인관계 유능성
QUES_8JSOb9yCks,갈등
QUES_gbL9BPuAGi,고용안정사업
QUES_PY9pULGVdI,중소기업
QUES_OE4NKTJkl4,제2차 세계대전
QUES_NEN78lqjCb,수사와 기소
QUES_OHLsEY7mvM,산림
QUES_3CuB7SO7wR,
QUES_ARcBxY1agn,
QUES_7G6ALijp2m,2011년
QUES_wklXjbxEG5,내수
QUES_Uq5DDCsejf,CES-D11
QUES_gz8zMgj3Rr,8.7명
QUES_b9Zktu3aoZ,보건복지부
QUES_6lIX1VpuK2,독일
QUES_VmKs1BC8Ob,
QUES_e08mZBUieZ,검사
QUES_u9N4G8HvRA,
QUES_hjq5xxf0na,2과목
QUES_Ry134qu0nP,약 20분
QUES_w7bmruUm6t,브롱코스트의 정의
QUES_QLZ6PuBpmI,이동성 조류
QUES_Ged3v8iT5u,국립해양조사원
QUES_UCvqHJLFAK,구축과정
QUES_nDyOB3erh6,
QUES_tgRwfgkucW,산업별 부가가치율
QUES_V9av8Ezhyh,기본계획 작업단
QUES_z7hmU7hx1m,교육인적자원부
QUES_YRZodnmjmQ,7년
QUES_h6oGLOYulS,
QUES_qLouzbbE0Y,phonics
QUES_cbShqxbG4l,"2,000시간"
QUES_lP4AIs9Go1,119
QUES_0gdthKyGBP,선진
QUES_fVyfwaDwVj,교육부
QUES_feyEDFfNoD,사교육
QUES_oEizIQ2NwR,2개
QUES_vYTvKNwPgh,82.2억 위안
QUES_nYkY6idOjB,50%
QUES_G5BoitNrKm,보건복지부장관
QUES_Gfb0wXYIhO,보건복지부장관
QUES_e4md0dUO2e,미래창조과학부
QUES_w4YLJo2BVD,
QUES_oV4dTm1iuK,일반긴장이론
QUES_pAW6jUrszR,국제형사재판소
QUES_feVgEZYQlb,정부3.0
QUES_DL5Oh4641a,청년 창업
QUES_kEKunTjlmd,
QUES_dJSCAJiyOl,박근혜 정부
QUES_IOeDMrl3r6,지역 현장
QUES_KXi858S4X0,
QUES_teh2yc2SCC,이명박 정부
QUES_muykikusTj,
QUES_ihrD2KH6QK,정보전 및 사이버전력
QUES_Bg9Y1LkQkG,학교
QUES_1bn7VB39V5,
QUES_b037EUQncK,실적 관련 변수
QUES_hjUBTqurTJ,근린시설
QUES_eTOx7Xt4TD,BMI
QUES_chW0MPfEuw,69.5%
QUES_g7ZxQjBVfi,2년
QUES_2KpBcI4Voi,
QUES_oxBZ4RipRn,13.4년
QUES_F7AFQgifPk,중국
QUES_gkuB5H87l4,
QUES_tSOvU1GZlQ,
QUES_xZkTdOHxxt,대한민국 제헌국회
QUES_Lk2ZSxKwga,Penrose
QUES_PdA6H9O4Ru,
QUES_qn3TkyKB0h,레지스트리
QUES_2hCN4cueRf,
QUES_gmKk50CR2d,
QUES_PTyz5P8NSc,조대엽
QUES_0N9Bmn30wO,국민건강보험공단
QUES_xCF3MKYkIi,통합진보당
QUES_WfO63qxr6v,
QUES_SmA8NeJWBd,환자
QUES_3RHKqrMf3r,
QUES_xkiSJgX6Mu,
QUES_hm8k1bZUC2,싱크대
QUES_TDch2lQCra,결혼이주여성
QUES_pQtS26zJpV,헌팅턴
QUES_AH8fZnLjjK,저성장 시대
QUES_XKYKOFXM4K,1980년대 후반
QUES_VnDl1M8FGg,
QUES_td8ANKJ6Ut,2016년 9월
QUES_UnRcTt3NGs,90%
QUES_DZy626vgye,12.5억원
QUES_mOU4upfb90,경기 지역
QUES_24eMPEQqGF,
QUES_hDPikRjsMy,요금폭탄
QUES_nFonOMW1YH,1998년 4월 17일
QUES_nroeiz2iv5,
QUES_ZoXIQysRZ3,흡연
QUES_viwXjp3ftc,빠이바꼬띠 종일제
QUES_Nb41inzT0b,핀란드
QUES_ljM6Ps94QB,
QUES_ryB2Q72LHQ,
QUES_CvfUa3KbJF,지원시설공급률
QUES_p6nYQ8px64,
QUES_ElgTxqg8K7,
QUES_skGQpjPpPG,
QUES_qqudsb1CBl,증권예탁결제제도
QUES_LrXFG9iHZL,"이성근, 이성인"
QUES_G06N89VS51,86%
QUES_IslgIIQgcR,성
QUES_L2wg2f4T08,
QUES_ukt8GUNkBn,"허둥항, 쿵판빈"
QUES_cSs0PnZbde,맞춤형 확장억제 전략
QUES_1T3H3i5az2,녹색기술센터
QUES_PIAeaNi80m,세종시 5-1 생활권
QUES_c6oebNT7iR,하버드 대학
QUES_xqYbp1oozs,백의현 프로젝터 리더
QUES_uJdKQFJQe3,
QUES_OrG99gnce8,
QUES_aIi9GCqQqP,
QUES_OBessTSgQD,네트워크 체계
QUES_AkstWekQoU,서비스 부문
QUES_5BGa4HpzTl,
QUES_yb46uyIJzc,한눈에 보는 기업가정신 보고서
QUES_mVNXos9RFb,수행목표 진술
QUES_iWRdJA76dC,2005년
QUES_05MYAQEYlI,타협적 방향
QUES_gMb9XhtWpA,
QUES_KAaB8ReLXC,생산적 직업 활동
QUES_2UoSeci7iL,공식적 사회활동
QUES_W1NQryIAZ0,가족
QUES_wZS80RNy1X,Canto
QUES_rDhXcQpEdX,현장적응감각훈련
QUES_xqcsll8sOo,육아정보
QUES_2zTPijeI8t,연방정부
QUES_NYvGO4ESld,스웨덴
QUES_t7GGzrJxRR,아동청소년이용음란물
QUES_u6RaPtIxEp,
QUES_MU3SywVF4M,택배서비스
QUES_rXCWIeXByB,
QUES_5hxVGe40vg,일본
QUES_Ud3xDUFdJO,공화당
QUES_pEi2U19VMT,
QUES_Ra29DvqfFa,1958년
QUES_XtHl84yKBp,
QUES_EQ3CFonptS,인터넷조사
QUES_60wUnGaFFf,
QUES_9b2XjigZYI,NCS
QUES_8ECEWKHayK,중소기업
QUES_RyvX63tSIj,온실가스 및 미세먼지 배출량
QUES_zlJx9yIsh3,진로교육
QUES_by34JK9gAQ,교실
QUES_mookCCAPD1,진로개발
QUES_PxY1aIz9ht,2015년 6월
QUES_F8rBwMT39O,베트남
QUES_M5AuVG4oEh,"만 3, 4세의 취원율"
QUES_5LFE3IYI16,잊혀진 학교교육 단계
QUES_h7ObwiTHQI,
QUES_SMCfZYqwRo,아시아 금융중심지
QUES_WU4UhQr0JN,마커원유
QUES_q0fiL2ErDA,
QUES_PDfGzoRess,서비스산업
QUES_2GelPaAGgO,한국
QUES_ZGRgCSm8ZM,
QUES_YjQlyW3QeD,"위기 극복, 경제 회복"
QUES_vrLT2NWYRV,미테랑
QUES_ltH7ZkcODZ,인문 분야
QUES_XEQdvSrSo7,
QUES_dhDnVBcayP,한국
QUES_u05oKl7JX4,
QUES_ajOYohWR1j,Henderson and Cockburn
QUES_Y0L4H29HFz,정부
QUES_HqQ6t8PT1M,중국
QUES_rOhF1bNOuH,
QUES_zPiL82knfK,정신보건센터
QUES_DdWg3QigXQ,2015년
QUES_FPQEmjgNzU,참여연대 사법감시센터
QUES_NUF3XBQ2jj,
QUES_cLrxfuMJIs,공정간 혼재 작업
QUES_OOWP8gL7bC,2000년대 초반
QUES_UllQwTg6qL,프랑크프르트시
QUES_cdq6a4eRRI,1997년
QUES_AoGvgEuSU1,
QUES_KaxIesES0C,노동조합
QUES_BEC6OqpyCE,
QUES_9NiWrrv374,사용자
QUES_6LXhNsyN6w,모델링 과정의 오류
QUES_MdgPYet3x5,
QUES_NEL9Q4YZQt,일본
QUES_OggMSdKS2m,
QUES_ujw20oeXO2,20세기
QUES_tf5PlMjGef,백마고지 전투
QUES_H4ohMi4RfT,서울시흥초등학교
QUES_7fTQcpjREt,0.940점
QUES_7hgl1tEzIb,지역의 명망가들이나 부호
QUES_kmOON7qbcX,제도적 설계
QUES_QEs7qTEaP7,GUCI
QUES_hrgt1yDpby,이메일
QUES_xCCHaI5ZOO,디지털교과서
QUES_TU9V97HoUN,
QUES_xzvBTgrQOe,
QUES_g18uqsTSAa,벨기에
QUES_CSwrhT4bea,건축·건조환경위원회
QUES_RKhrhB4kb8,노인복지법
QUES_Nf8aibVGxv,10%
QUES_44oGAYNnzv,출산율 저하
QUES_4ojZ3T2LtZ,만30세
QUES_IzFzQP1krj,2008년
QUES_ksd69wpSGE,Beck
QUES_wrpryoraVm,우울감 변수
QUES_TKR7w3ISh8,대학 조직
QUES_86KLsK0dGM,노동시장 수요와 대졸자 공급
QUES_3SsX0vpydQ,고등교육
QUES_1xwmT39OMB,
QUES_LxqTgW19Ww,영동교육지원청
QUES_aVObbihW1S,절접법
QUES_16VnFw5Usw,30~60cm
QUES_Dqp36zLSKY,
QUES_7DYAgixlM5,옻칠
QUES_LslQtYByeA,공직의 기강해이
QUES_jRr0j6wZ5Z,고용경제부
QUES_D5eOxkzok7,
QUES_ZrUQ6qAAip,성능목표
QUES_pFMKiVuRCA,특사경과 일반사경
QUES_mkGX52DH7a,특사경
QUES_FveCMeU5ey,
QUES_7lbgX6yTME,지역생활정착지원센터
QUES_NaiIKeq30E,사회구성원
QUES_Nfbs7U5FNi,
QUES_z2qXLeEBia,한국
QUES_hsuw9hqvaL,KLIPS
QUES_EcWLpsbJla,사립학교
QUES_bgnjSFhtdk,경계의 모호성
QUES_L6RzTpqxwW,
QUES_51NtBrJlve,북한
QUES_ExS7F6CfOp,외교부
QUES_SUAxNmBilp,베드타운
QUES_MBxvC438BB,북미 항공물류허브
QUES_vgtAkRgYdE,일본항공
QUES_KjZhTaJe2a,교사
QUES_hYFlKWFCfG,기관과 교사
QUES_iTcCMJT0mz,산업단지 근로자
QUES_GIaj7NXgtc,옥류
QUES_I4pVKbFbxe,3년
QUES_MAqHbQuA7Q,CANWFZ 조약
QUES_7d5fiIcWc8,
QUES_EHdQQPVs4t,낮은 정신건강
QUES_t2ZghW7gJa,
QUES_LxeWnFKYqX,85세
QUES_s1E2af7mlT,
QUES_FEecMw0ERT,정확성
QUES_ETrzxWijpc,
QUES_cohl4dW6rL,인공지능 알고리즘
QUES_4taLlgpqR9,
QUES_vPFUnH4DHv,138개
QUES_bFfFZ9lMUH,
QUES_B1iNrmdDO6,국민건강생활실천사업
QUES_RWdwmHRuD2,강간죄
QUES_08NbPwe2iL,
QUES_1fo8DsdgRH,아르헨티나
QUES_Pb6nJaOxUe,반두라
QUES_xXff0WsPSU,교토의정서
QUES_dELHZPHbSZ,성별영향분석평가
QUES_EfA9Yd9XjA,여성가족부
QUES_pvGwfezXbF,자치경찰의 전속관할
QUES_obfBICT28x,10억원
QUES_tZ79QfptIB,소상공인 사업체
QUES_jaR9YrWrDi,보전요청
QUES_0zu29Rol83,심미적 경험
QUES_2jkDPSWodQ,어휘
QUES_A8OVrYbAtb,가족의사소통능력
QUES_Ky9fGqDegy,장안식
QUES_TqE8IMzYSK,과도한 공격
QUES_AHzeejI6Qx,외국 투자자
QUES_M8Kw3WSrSD,Baltijos Parkingas
QUES_5QK3uX9HDH,신청국 이익의 침해
QUES_XKHW1166j4,
QUES_mGKOKXGhBW,
QUES_Mcgp6cqsca,
QUES_SdQaPXzmSX,원유 도입가
QUES_e184APoP8D,500만 원
QUES_jXLfMcwc28,대학
QUES_TWt6Fu3Vk4,교과목
QUES_8YEplyL914,LSA
QUES_EDHIKcYwhy,2019년 4월
QUES_yD5aBkpb0Q,CGE
QUES_ygzTu4zfKi,
QUES_A57Tz0f0MR,성별영향분석평가
QUES_Q64gRUBc7K,제3자 효과
QUES_KKy7vBZgGi,재원 마련
QUES_m2VhirBqgK,생명권
QUES_um5Yi6FU07,종신형
QUES_BNroo0U3gz,헌법 제110조 제4항
QUES_UTlf2EaSBY,
QUES_L0mCBA76FD,기후변화와 환경오염
QUES_hNiNHSLlvD,공공외교 자산
QUES_9hVjHv1I8s,박근혜 정부
QUES_YMdRKERynL,소통
QUES_3jxmKxmGxP,전자책
QUES_Z1fzIF0hf3,
QUES_HpxkFyQR6w,ONRC
QUES_EmTVEQj5XL,
QUES_69o6WWCVqd,자신의 근간
QUES_iZn9qRBmUW,이스라엘
QUES_BMrlHJjEus,16명
QUES_CjFKzluZik,융합
QUES_rW6o1XIPS8,단순정제마진
QUES_0B1C7MjdtW,위해
QUES_ScM2UCO0gI,한국
QUES_WleqoaQrDb,헤이그 비스비 규칙
QUES_ziBpiVowUt,직업교육훈련
QUES_LuHQREz6tI,SC
QUES_LG5oSBblBS,
QUES_1JtKE58EOi,2000년대
QUES_Wt7y6lyMcp,
QUES_EGl86Yybmf,
QUES_9ADj7bv2tM,
QUES_lj2qe22gZE,
QUES_FZA7x0qqoj,일괄구매 경쟁입찰계약방식
QUES_BxGNfuy2YV,Euro Creativity Index
QUES_2RUbscvjEt,수준 평가 가능성
QUES_i5152BzoA1,Input-Process-Output-Feedback
QUES_ulnOemEYcm,교사에 의한 학생 성희롱
QUES_sawxNYYjW0,
QUES_yRbU5zuhms,
QUES_WtHcnyfL4h,일본
QUES_JwITYCbW71,글로벌 수요침체
QUES_g6IT4oWGdb,82%
QUES_5KN4PYBfZX,베이비루프
QUES_2umdjQJP2y,무슬림 여성
QUES_1UqwZnSuWl,후기 청소년
QUES_g1e8ssBfd2,
QUES_Vni6pnu1yz,
QUES_cSa1mjYdn9,독일
QUES_0OO7nYEWlG,미국
QUES_tctbkjvRDU,통신비밀보호법
QUES_oiHl1Rd2by,기관
QUES_vtRCm4C4xj,환경평가제도
QUES_66xUrSPTdJ,2016년
QUES_9KANIM9y7y,2008년
QUES_knlmoQuJkd,군
QUES_YlZee7wl4m,전라북도
QUES_xRZhoY4m1D,정보통신
QUES_29aQmPdlHS,이형구
QUES_kDaXw6zi0c,고려인 마을
QUES_rqugCY78mI,자유무역구 비즈니스 환경
QUES_n2zUwRlAt7,국제전화
QUES_75e3jha0XP,불필요한 접촉
QUES_U8baADMkRT,
QUES_qP9aRvHbKj,지역행복생활권
QUES_cLiULRQC75,
QUES_SAPpLUiy6C,판교신도시
QUES_8L0WbUjZMg,2015년
QUES_SLuE22c38i,
QUES_MK3IohQCVv,미국
QUES_cD6zkz5R4B,2013년
QUES_jpLITztGnr,명상숲 조성사업
QUES_L1WtfSWKIj,광주광역시
QUES_Q89khkprBF,25개
QUES_CI7KkzEeJb,당연 대항제도
QUES_rDLFWyFnbE,10년
QUES_611tWqWWQg,2019년
QUES_1QNpuOJFfT,
QUES_tS7sCNSGgL,드론클리너
QUES_K9xE5UN2wo,2012년 2월
QUES_SYi3NZBddi,회복적 사법 이념
QUES_OY9NayIBkf,방송통신위원회
QUES_tkKIWvFQ3Y,
QUES_8mWngL0R6S,앵거스 디튼
QUES_dhP9Jhqbef,인권감수성
QUES_0Y2hQxbNt4,
QUES_pNHqBlEJ0L,만성질환
QUES_Cu7Rd9285f,세 가지
QUES_SlLato6z7W,
QUES_LgzkDkBkp6,오류
QUES_NhhAqs0pyN,수사기관
QUES_3Hn4BTTo1D,2010년
QUES_1F642fhSaX,투더와 피어슨
QUES_l5JNiFplDa,
QUES_yeaPJESgR6,현장관리자의 리더십
QUES_SK7q7BUrSk,
QUES_tiVapd30dc,
QUES_z3umi4rcqr,300억달러
QUES_Moc7Pbfu6l,원수
QUES_Zmmr9QRKuI,1.9%
QUES_ZpvnPhtspj,제6조
QUES_c0XMthMZHQ,김정홍
QUES_IL2JSfJZci,불순물
QUES_JgIxsjJw1j,
QUES_YeFMBZcVXT,해양수산 전국포럼
QUES_WOHByRCGvn,교육부
QUES_LZbfw3FcwX,만족
QUES_O1ouRbIRt3,일자리 만족
QUES_9Fyp3gMdBH,주택담보대출 시장
QUES_53i8oD5W65,4가지
QUES_hVacfS4Oyx,
QUES_jXIPwVkjCH,중견국 연합
QUES_jNCKdCcepf,MIKTA
QUES_mfhkr1PUPS,의원입법 절차
QUES_GArV79HAqi,
QUES_18NRzdyq7d,발달 초기
QUES_OrZS06Rt7t,민화
QUES_ShOAR9burP,라이엇 게임즈
QUES_ClTyMuVN3l,미륵보살
QUES_yHrWOCM14H,정치적 선동성
QUES_yNViATJ0SZ,
QUES_RamfTAbhJN,"손학기, 박기호"
QUES_z7lmEchodi,두 단계
QUES_WtkCDfrHpi,택일적 고의
QUES_zKIFr8hSxw,자살사망률
QUES_ml2ODGh1oq,1974년부터 1981년
QUES_2dBpwkBp7s,감사권익보호관
QUES_7lSable6dj,
QUES_gYgUWIZsw8,독일
QUES_rCkdbW8u3X,한류
QUES_rdaXkHUEpr,인터넷
QUES_O59NKUuCZB,400명
QUES_4T1qwywAvM,
QUES_8y2gWlUMTK,파트너십
QUES_p244enWtqQ,
QUES_NLiCeo8EXI,일자리창출과 지역 경제
QUES_ivHsYYAvIy,신산업 특화 사업
QUES_3iN5nKD4x2,대구고용센터
QUES_WOUjjEvkDP,카를 되니츠
QUES_fo7Eiodkei,
QUES_TW0HGqYhB5,Heatnot-burn
QUES_g1oL2y2mgl,파산제
QUES_xMefDhgIi8,국회예산정책처
QUES_NWW7DU9RR7,
QUES_ZOXmO0QoF5,
QUES_F0MoBmM2UA,U-City 도시안전 다중 비상벨
QUES_qu6zLOSRgv,CCTV
QUES_iQC4XwGNlL,
QUES_vAx3fQgJLS,
QUES_YumBTTeyPK,챗봇 안내 도우미
QUES_bCqgJCR7WB,Smart Tunnel
QUES_JwfGhmuF3s,
QUES_l0cPvDQ8we,제4조
QUES_KCBEbx09ls,
QUES_ZEY8QQe0Qv,OPLC6) Requirements Team
QUES_BhmiDDT3EE,이용자
QUES_AmgY7bNHHm,
QUES_jXQypdHROF,Campylobacter species
QUES_bS8uPmqk51,비염증성 설사
QUES_pGXYPUqAtW,정구현
QUES_LnBZA6kQvn,담보나 보증
QUES_1gTLAM8lcS,담보나 보증
QUES_M2qfNqQdfe,12%
QUES_nlqffRfAdZ,
QUES_wvP7evqcmV,연구윤리
QUES_NbQjCXWNRq,2011년 3월
QUES_JcjDAdhFU4,공공기관
QUES_aii1AasIGO,대리인 문제
QUES_6JdbD0Fi1c,자체수입
QUES_r3XKuOGI9q,더빙
QUES_OT7iEvFRVC,불확실성
QUES_16vrNR20vc,눈
QUES_psxR5qtFsk,
QUES_ymhpztTaOA,
QUES_04BptW5wPs,노동계약법
QUES_DfSwSzO4TH,민간기업
QUES_n2KZUweY50,
QUES_bryc2lf5hX,338만원
QUES_V3buvPazvU,한시적 성격
QUES_QUd6W9q3Jp,자기결정권
QUES_pxiKIVY7Vz,개인의 자유
QUES_vWaL8qD2c7,제20조
QUES_QjQaCEYuAD,2009년
QUES_TtwRfc29wY,노인성치매 임상연구센터
QUES_J7WZsGzx1L,폐쇄형 연구개발 프로세스
QUES_p89adWmRu3,
QUES_ZBiw5haECW,거래비용
QUES_Tun1O3DieH,공정근로기준법
QUES_OZdcgPqdjp,공소시효
QUES_28fShRHk01,메디치 효과
QUES_G4S6Z0VTIg,김평길홍
QUES_M3aNGH0Hf6,상업용
QUES_KzPIv7e97z,
QUES_84zFIb53PN,한국
QUES_eOyK2CeSCa,아리아 방식의 회의
QUES_k00ZGHb4hn,북한
QUES_ozwBGBmkwi,무료 보편적인 시청권
QUES_WA6YxPhNxB,
QUES_d34er6g3Fc,
QUES_zIClI82DNP,
QUES_L2Ag37eR7n,일본
QUES_pwhLI7oyl1,공개처형
QUES_WEyeS2H4uP,3년
QUES_rjA5kf7WL2,1971년 1월
QUES_PKhCzhMLAP,무역보험기금
QUES_GoMXqaLx1l,김홍수 강사
QUES_Tx126pM1bs,선사유물전시관
QUES_VBR4doUZ1o,
QUES_am3IEL73IA,독거노인
QUES_IB9YT0jXGA,
QUES_syls4VY3Ar,국가 경쟁력 약화
QUES_XMglqFC4tg,국제관계의 중요성
QUES_F410AK9BRc,서양
QUES_GN4NlTuztd,100조 원
QUES_jxzPS6kzz9,사드
QUES_achisGrgOn,네 가지
QUES_UN8ijv17T2,가성적 회귀
QUES_jnvbZVxVUl,2차 이행연도
QUES_vboZiZVJWL,2440개
QUES_plgLUATYjs,한국공학인증원
QUES_zYjukydNCP,1990년대
QUES_k4fiSy3w5C,뿌리
QUES_bQXATBpTQh,
QUES_xfzi5bOoCo,70여 종
QUES_rZb2QjUr3j,기술지도
QUES_pRMWkRH6AV,공단
QUES_wrAAU4sRNg,농협중앙회 NH식품사업부
QUES_wsTmsh62Lf,그라함 앨리슨
QUES_IwtgyuDTaz,미국
QUES_GYGkxQIDr2,장쑤
QUES_z0R251ySw1,0.024~0.227 pg I-TEQ/L
QUES_8pR526HD2h,
QUES_sIRlJUWCBP,모바일 플랫폼
QUES_Q0tB5hEHE1,박동진
QUES_6ASaHqVCru,
QUES_r2jPbofltU,한국
QUES_YhYmRkWUEa,변호사
QUES_F3O3lto4Af,1972년
QUES_JdKoMOiMwU,인간관계
QUES_9UwaONS4xg,국민
QUES_ues89WHaSd,일본의 경제보복
QUES_IH73K4xzhY,국민
QUES_UclIHrPgRi,NQF
QUES_sBIwxLZg1x,소방대원
QUES_OZJQDZ7tPK,감시와 인센티브
QUES_q56IBXrmox,
QUES_yqeEqwSLhW,고용노동부
QUES_5oaAGuUmHL,자격기본법
QUES_8MuQSAu3Dg,원격진료
QUES_utuj7e3ypX,고혈압 관리 IoT 헬스케어 제품
QUES_T7S983jrkZ,고졸취업
QUES_MchaThMnnC,
QUES_O716ooQ5xi,법령
QUES_q36XJc9D19,111.7백만 톤
QUES_pOs5MMMBpx,스웨덴
QUES_pMtmX2MTZk,2006년
QUES_V7mkE4jz8T,진로교육
QUES_GARxH4AS1J,일본의 보수 오피니언 리더
QUES_wI4ezyN7PA,
QUES_aS8kD2qstl,자본시장법
QUES_Iv0or4igjk,중소기업
QUES_5tbOxuX6dd,형사소송법
QUES_viTrddf6SN,한국
QUES_brg3viPOqG,
QUES_NAejdEj2yr,1980년대
QUES_xc7iG7AlWX,인구증가율 1% 조기달성 운동기
QUES_Ykivrul9hE,공직경험
QUES_EaGOcDJGjl,자원봉사자
QUES_z7YinvAbpp,1990년대 중후반 기근
QUES_eB5p4uanUT,보정론
QUES_thDcD2dpMI,중국
QUES_YrODimMQbj,
QUES_7XeLT4rH9V,인도
QUES_HyKv18ul2O,ACR
QUES_eCJx7Ej8e0,구글 애널리틱스
QUES_GY19ODf5BH,
QUES_gAqJFY381c,감정이입
QUES_4IUwXTw2OS,
QUES_Hxj2qMQ68R,아동·청소년
QUES_W0JZy3ZK67,활동보조서비스
QUES_CCkceIf1ti,발달장애인
QUES_EViEX34viz,경제적 부담
QUES_7DlxyCJ2Sz,1960년
QUES_sgEdXPOv2M,김정은
QUES_3M99aUgI8z,베르누이 시행
QUES_BDxuSY6msQ,
QUES_J1eomLwxcJ,중국
QUES_NiG5bjloIH,2025년
QUES_5gOxEvr3s1,
QUES_WINbc0cO0C,전문가 인력풀
QUES_nwNtQD6VuF,승진심사위원회
QUES_cImEVDeEFk,승진심사위원회
QUES_MB4VZMQqgi,
QUES_W9T55CXEK0,정보보호의 문제
QUES_uP9DJCIYnF,일-기반 학습 프로젝트
QUES_O5YBcPpU2S,성별
QUES_LQHA1crf2L,열악한 가정환경
QUES_fK9Zu0Osem,농식품부
QUES_ELnOvZAf56,
QUES_ugQjrnxCRO,
QUES_tm2L0XWUDM,
QUES_b5ct0bLuIx,인공섬
QUES_mOTZxHmzXf,산업집중도
QUES_N1benQrrXB,피치료감호자
QUES_mdjXVaJC0j,퇴소자
QUES_FnRV6aCEZ7,
QUES_cA0BobBpeu,대체휴무
QUES_iGLCGr7mRY,보건사회연구소
QUES_2T7ZoRZ8gT,전라남도
QUES_goJP6og9BF,
QUES_i9QXO9hcpb,부모
QUES_GXLjNloQwl,평등권
QUES_MBlrDzSIuG,사물인터넷
QUES_5E6EcUf3Bs,복지시설
QUES_SOU0neARVm,한국저작권위원회와 방송통신심의위원회
QUES_QeSxEjGBsN,노동계약
QUES_UhZYDXuOHo,
QUES_wKKFKAfDWz,
QUES_tJnG3niLLF,기획재정부
QUES_kfmmPIIBSH,공윤정
QUES_K6DsJuQwk5,
QUES_An5OFkDamT,클라우드 기술
QUES_93ooQYRdzK,미국
QUES_OgxQzRngw1,성장률
QUES_lWAmqzL9CR,교사
QUES_hsmgqGYoAZ,
QUES_6SzaUUvz1X,과학기술의 적용
QUES_MucHFY3pCE,정부
QUES_JtsKBSQITG,상용직
QUES_IajaDLmxvq,공적이전소득(40.9%)과 근로소득
QUES_lR6hjzsptY,대체보육서비스 비용
QUES_ACwZJGYBfp,IBM Food Trust Labeyrie사
QUES_UB3Fj0NPIX,2009년
